{
  "cli": {
    "step": 2,
    "is_success": true
  },
  "mysql": {
    "database": "kite",
    "username": "root",
    "password": "root",
    "host": "localhost",
    "mysql_port": 3306
  },
  "config": {
    "admin_url": "admin",
    "on_register": "yes",
    "on_login": "yes",
    "on_comment": "yes",
    "version": 0.8
  },
  "email": {
    "service": "qq",
    "type": "personal",
    "host": "",
    "port": "",
    "user": "mxq1102@qq.com",
    "pass": "quan13173560961"
  },
  "website": {
    "website_name": "小随笔",
    "domain_name": "localhost",
    "keywords": "关键",
    "introduction": "介绍",
    "description": "描述"
  },
  "thirdParty": {}
}